<?xml version="1.0"?>
<root xmlns="urn:schemas-upnp-org:device-1-0">
<specVersion>
<major>1</major>
<minor>0</minor>
</specVersion>
<device>
<deviceType>urn:roku-com:device:player:1-0</deviceType>
<friendlyName>50&quot; Sharp Roku TV</friendlyName>
<manufacturer>Roku</manufacturer>
<manufacturerURL>http://www.roku.com/</manufacturerURL>
<modelDescription>Roku Streaming Player Network Media</modelDescription>
<modelName>LC-50LBU711C</modelName>
<modelNumber>7000X</modelNumber>
<modelURL>http://www.roku.com/</modelURL>
<serialNumber>YN00SL447216</serialNumber>
<UDN>uuid:29780023-7006-10d2-80f0-103d0a89eb33</UDN>
<iconList>
<icon>
<mimetype>image/png</mimetype>
<width>360</width>
<height>219</height>
<depth>8</depth>
<url>device-image.png</url>
</icon>
</iconList>
<serviceList>
<service>
<serviceType>urn:roku-com:service:ecp:1</serviceType>
<serviceId>urn:roku-com:serviceId:ecp1-0</serviceId>
<controlURL></controlURL>
<eventSubURL></eventSubURL>
<SCPDURL>ecp_SCPD.xml</SCPDURL>
</service>
<service>
<serviceType>urn:dial-multiscreen-org:service:dial:1</serviceType>
<serviceId>urn:dial-multiscreen-org:serviceId:dial1-0</serviceId>
<controlURL></controlURL>
<eventSubURL></eventSubURL>
<SCPDURL>dial_SCPD.xml</SCPDURL>
</service>
</serviceList>
</device>
</root>
